Location,MaxCapacity
A10A1,400
A10A10,400
A10A11,300
A10A13,300
A10A14,300
A10A15,300
A10A2,400
A10A3,400
A10A4,400
A10A5,300
A10A6,300
A10A7,300
A10A8,300
A10A9,300
A10B1,400
A10B10,300
A10B11,300
A10B12,300
A10B13,300
A10B14,300
A10B15,300
A10B2,300
A10B3,300
A10B4,300
A10B5,300
A10B6,300
A10B7,300
A10B8,300
A10B9,300
A10C1,300
A10C10,300
A10C11,300
A10C12,300
A10C13,300
A10C14,300
A10C15,300
A10C2,300
A10C3,300
A10C4,300
A10C5,300
A10C6,300
A10C7,300
A10C8,300
A10C9,300
A12B1,70
A12B3,70
A12B5,70
A12B6,70
A12B7,70
A12B8,70
A12B9,70
A12D1,70
A12D2,70
A12D3,70
A12D4,70
A12D5,70
A12D6,70
A12D7,70
A12D8,70
A1A1,1200
A1A2,1200
A1A3,1200
A1A4,1200
A1A5,1200
A1A6,1200
A1A7,1200
A1B1,600
A1B10,600
A1B11,600
A1B12,600
A1B2,600
A1B3,600
A1B4,600
A1B5,600
A1B6,600
A1B7,600
A1B8,600
A1B9,600
A1C10,600
A1C11,600
A1C12,600
A1C13,600
A1C14,600
A1C15,600
A1C6,600
A1C7,600
A1C8,600
A1C9,600
A2A1,600
A2A10,600
A2A11,600
A2A12,600
A2A13,600
A2A14,600
A2A15,600
A2A2,600
A2A3,600
A2A4,600
A2A5,600
A2A6,600
A2A7,600
A2A8,600
A2A9,600
A2B1,600
A2B10,600
A2B11,600
A2B12,600
A2B13,600
A2B14,600
A2B15,600
A2B2,600
A2B3,600
A2B5,600
A2B6,600
A2B7,600
A2B8,600
A2B9,600
A2C1,350
A2C10,300
A2C11,350
A2C12,300
A2C13,300
A2C14,300
A2C15,300
A2C2,350
A2C3,300
A2C4,300
A2C5,300
A2C6,300
A2C7,400
A2C8,350
A2C9,300
A3A1,600
A3A10,600
A3A11,600
A3A12,600
A3A13,600
A3A14,600
A3A15,600
A3A2,600
A3A3,600
A3A4,600
A3A5,600
A3A6,600
A3A7,600
A3A8,600
A3A9,600
A3B1,600
A3B10,600
A3B11,600
A3B12,600
A3B13,600
A3B14,600
A3B15,600
A3B2,600
A3B3,600
A3B4,600
A3B5,600
A3B6,600
A3B7,600
A3B8,600
A3B9,600
A3C1,600
A3C10,600
A3C11,600
A3C12,600
A3C13,600
A3C14,600
A3C15,600
A3C2,600
A3C3,600
A3C4,600
A3C5,600
A3C6,600
A3C7,600
A3C8,600
A3C9,600
A4A1,400
A4A10,400
A4A11,400
A4A12,300
A4A13,300
A4A14,300
A4A15,300
A4A2,400
A4A3,300
A4A4,300
A4A5,300
A4A6,300
A4A7,300
A4A8,300
A4A9,300
A4B1,400
A4B10,300
A4B11,300
A4B12,300
A4B13,400
A4B14,400
A4B15,300
A4B2,400
A4B3,400
A4B4,400
A4B5,300
A4B6,300
A4B7,300
A4B8,300
A4B9,300
A4C1,350
A4C10,350
A4C11,350
A4C12,350
A4C15,350
A4C2,350
A4C3,350
A4C4,350
A4C5,350
A4C6,350
A4C7,350
A4C8,350
A4C9,350
A5A1,600
A5A10,600
A5A11,600
A5A12,600
A5A13,600
A5A14,600
A5A15,600
A5A2,600
A5A3,600
A5A4,600
A5A5,600
A5A6,600
A5A7,600
A5A8,600
A5A9,600
A5B1,600
A5B10,600
A5B11,600
A5B12,600
A5B13,600
A5B14,600
A5B15,600
A5B2,600
A5B3,600
A5B4,600
A5B5,600
A5B6,600
A5B7,600
A5B8,600
A5B9,600
A5C1,600
A5C10,600
A5C11,600
A5C12,600
A5C13,600
A5C14,600
A5C2,600
A5C3,600
A5C4,600
A5C5,600
A5C6,600
A5C7,600
A5C8,600
A5C9,600
A6A1,600
A6A10,600
A6A11,600
A6A12,600
A6A13,600
A6A14,600
A6A15,600
A6A2,600
A6A3,600
A6A4,600
A6A5,600
A6A6,600
A6A7,600
A6A8,600
A6A9,600
A6B10,320
A6B11,320
A6B12,320
A6B13,320
A6B14,320
A6B15,320
A6B2,320
A6B3,320
A6B4,320
A6B5,320
A6B6,320
A6B7,320
A6B8,320
A6B9,320
A6C1,300
A6C10,300
A6C11,300
A6C12,300
A6C15,300
A6C3,300
A6C4,300
A6C5,300
A6C6,300
A6C7,300
A6C8,300
A6C9,300
A7B1,600
A7B10,600
A7B11,600
A7B12,600
A7B13,600
A7B14,600
A7B15,600
A7B2,600
A7B3,600
A7B4,600
A7B5,600
A7B6,600
A7B7,600
A7B8,600
A7B9,600
A8A14,300
A8B1,300
A8B10,300
A8B11,300
A8B12,300
A8B2,300
A8B3,300
A8B4,300
A8B5,300
A8B6,300
A8B7,300
A8B8,300
A8B9,300
A8C12,300
A8C2,300
A8C4,300
A8C6,300
A8C7,300
A8C8,300
A8C9,300
A9A1,210
A9A10,210
A9A2,210
A9A3,210
A9A4,210
A9A5,210
A9A6,210
A9A7,210
A9A8,210
A9A9,210
A9B1,210
A9B10,210
A9B11,210
A9B2,210
A9B3,210
A9B4,210
A9B5,210
A9B6,210
A9B7,210
A9B8,210
A9B9,210
A9C1,400
A9C2,400
A9C3,400
A9C4,400
A9C6,400
A9C7,400
B10A1,350
B10A10,350
B10A11,350
B10A12,350
B10A13,350
B10A14,350
B10A15,350
B10A2,350
B10A3,350
B10A4,350
B10A5,350
B10A6,350
B10B1,350
B10B10,350
B10B11,350
B10B12,350
B10B13,350
B10B14,350
B10B15,350
B10B2,350
B10B3,350
B10B4,350
B10B5,350
B10B6,350
B10B7,350
B10B8,350
B10B9,350
B10C1,300
B10C10,300
B10C11,300
B10C12,300
B10C13,300
B10C14,300
B10C2,300
B10C3,300
B10C4,300
B10C5,300
B10C6,300
B10C7,300
B10C8,300
B10C9,300
B1C1,300
B1C2,300
B1C3,300
B1C4,300
B1C5,300
B1C6,300
B2A1,2400
B2A2,2400
B2B1,650
B2B10,650
B2B11,650
B2B12,650
B2B13,650
B2B14,650
B2B15,650
B2B2,650
B2B4,650
B2B5,650
B2B7,650
B2B8,650
B2B9,650
B2C1,300
B2C10,300
B2C12,300
B2C13,300
B2C14,300
B2C15,300
B2C2,150
B2C3,150
B2C4,150
B2C5,150
B2C6,150
B2C7,150
B2C8,300
B2C9,300
B3A1,300
B3A10,300
B3A11,300
B3A3,300
B3A4,300
B3A5,300
B3A6,300
B3A7,300
B3A8,300
B3A9,300
B3B1,600
B3B2,600
B3B3,600
B3B4,600
B3B5,600
B3B6,600
B3C1,300
B3C2,300
B3C3,300
B3C4,300
B3C5,300
B3C6,300
B4A1,600
B4A10,600
B4A11,600
B4A12,600
B4A15,600
B4A2,600
B4A3,600
B4A4,600
B4A5,600
B4A6,600
B4A7,600
B4A8,600
B4A9,600
B4B11,650
B4B12,650
B4B13,650
B4B14,650
B4B2,650
B4B3,650
B4B5,650
B4B6,650
B4B7,650
B4B8,650
B4B9,650
B4C1,600
B4C10,600
B4C11,600
B4C12,600
B4C13,600
B4C14,600
B4C15,600
B4C2,600
B4C3,600
B4C4,600
B4C5,600
B4C6,600
B4C7,600
B4C8,600
B4C9,600
B5B1,300
B5B10,330
B5B11,330
B5B12,330
B5B2,330
B5B3,330
B5B4,330
B5B5,330
B5B6,330
B5B7,330
B5B8,330
B5B9,330
B5C1,300
B5C2,300
B5C3,300
B5C4,300
B5C5,300
B5C6,300
B5C7,300
B5C8,300
B6A1,300
B6A10,300
B6A11,300
B6A12,300
B6A13,300
B6A14,300
B6A15,300
B6A2,300
B6A3,300
B6A4,300
B6A5,300
B6A6,300
B6A7,300
B6A8,300
B6A9,300
B6B1,300
B6B10,300
B6B11,300
B6B12,300
B6B13,300
B6B14,300
B6B15,300
B6B2,300
B6B3,300
B6B4,300
B6B5,300
B6B6,300
B6B7,300
B6B8,300
B6B9,300
B6C1,300
B6C10,300
B6C11,300
B6C12,300
B6C13,300
B6C14,300
B6C15,300
B6C2,300
B6C3,300
B6C4,300
B6C5,300
B6C6,300
B6C7,300
B6C8,300
B6C9,300
B8A1,350
B8A10,300
B8A11,300
B8A12,300
B8A13,300
B8A14,300
B8A15,300
B8A2,350
B8A3,350
B8A4,350
B8A5,350
B8A6,300
B8A7,300
B8A8,300
B8A9,300
B8B1,350
B8B10,350
B8B11,350
B8B12,350
B8B13,350
B8B14,350
B8B15,350
B8B2,350
B8B3,350
B8B4,350
B8B5,350
B8B6,350
B8B7,350
B8B8,350
B8B9,350
B8C1,300
B8C11,300
B8C12,300
B8C13,300
B8C14,300
B8C15,300
B8C2,300
B8C3,300
B8C4,300
B8C5,300
B8C6,300
B8C7,300
B8C8,300
B8C9,300
B9A1,300
B9A10,300
B9A11,300
B9A12,300
B9A13,300
B9A2,300
B9A3,300
B9A4,300
B9A5,300
B9A6,300
B9A7,300
B9A8,300
B9A9,300
B9B1,300
B9B10,300
B9B11,300
B9B12,300
B9B13,300
B9B14,300
B9B15,300
B9B2,300
B9B3,300
B9B4,300
B9B5,300
B9B6,300
B9B7,300
B9B8,300
B9B9,300
B9C1,300
B9C10,300
B9C11,300
B9C12,300
B9C13,300
B9C14,300
B9C15,300
B9C2,300
B9C3,300
B9C4,300
B9C5,300
B9C6,300
B9C7,300
B9C8,300
B9C9,300
C1C1,300
C1C10,300
C1C11,300
C1C2,300
C1C3,300
C1C4,300
C1C5,300
C1C7,300
C1C8,300
C1C9,300
C3B2,300
C3B3,300
C3B4,300
C3B5,300
C3B6,300
C3B7,300
C4B1,600
C4B10,600
C4B11,600
C4B12,600
C4B13,600
C4B14,600
C4B15,600
C4B2,600
C4B3,600
C4B4,600
C4B5,600
C4B6,600
C4B7,600
C4B8,600
C4B9,600
C4C1,600
C4C10,600
C4C11,600
C4C12,600
C4C13,600
C4C14,600
C4C15,600
C4C2,600
C4C3,600
C4C4,600
C4C5,600
C4C6,600
C4C7,600
C4C8,600
C4C9,600
C4D1,600
C4D10,600
C4D11,600
C4D12,600
C4D13,600
C4D14,600
C4D15,600
C4D2,600
C4D3,600
C4D4,600
C4D5,600
C4D6,600
C4D7,600
C4D8,600
C4D9,600
C5A1,150
C5A10,150
C5A11,150
C5A12,150
C5A2,150
C5A3,150
C5A4,150
C5A5,150
C5A6,150
C5A7,150
C5A8,150
C5A9,150
C5B1,150
C5B10,150
C5B11,150
C5B12,150
C5B13,150
C5B14,150
C5B2,150
C5B3,150
C5B4,150
C5B5,150
C5B6,150
C5B7,150
C5B8,150
C5B9,150
C5C1,150
C5C10,150
C5C11,150
C5C12,150
C5C2,150
C5C3,150
C5C4,150
C5C5,150
C5C6,150
C5C7,150
C5C8,150
C5C9,150
C6A1,300
C6A10,300
C6A11,300
C6A12,300
C6A2,300
C6A3,300
C6A4,300
C6A5,300
C6A6,300
C6A7,300
C6A8,300
C6A9,300
C6B1,300
C6B2,300
C6B3,300
C6B4,300
C6B5,300
C6B6,300
C6B7,300
C6C1,300
C6C2,300
C6C3,300
C6C4,300
C6C5,250
C6C6,250
C6C7,250
C6C8,300
C6C9,250
C7A1,140
C7A2,140
C7A3,140
C7A4,140
C7A5,140
C7A6,140
C7A7,140
C7A8,140
C7B1,140
C7B10,140
C7B11,140
C7B2,140
C7B3,140
C7B4,140
C7B5,140
C7B6,140
C7B7,140
C7B8,140
C7B9,140
C7C1,140
C7C10,140
C7C2,140
C7C3,140
C7C4,140
C7C5,140
C7C6,140
C7C7,140
C7C8,140
C7C9,140
C8A1,250
C8A10,250
C8A11,250
C8A12,250
C8A2,250
C8A3,250
C8A4,250
C8A5,250
C8A6,250
C8A7,250
C8A8,250
C8A9,250
C8B1,250
C8B10,250
C8B12,250
C8B2,250
C8B3,250
C8B4,250
C8B5,250
C8B6,250
C8B7,250
C8B8,250
C8B9,250
C8C1,250
C8C10,250
C8C11,250
C8C12,250
C8C2,250
C8C3,250
C8C4,250
C8C5,250
C8C6,250
C8C7,250
C8C8,250
C8C9,250
C9A1,80
C9A2,80
C9A3,80
C9A4,80
C9A5,80
C9A6,80
C9A7,80
C9A8,80
C9B1,100
C9B10,100
C9B2,100
C9B3,100
C9B4,100
C9B5,100
C9B6,100
C9B7,100
C9B8,100
C9B9,100
C9C1,80
C9C2,80
C9C3,80
C9C4,200
C9C5,200
C9C6,100
